<?xml version='1.0' encoding='UTF-8' ?>
<timeLogEntries>
  <time id="56" path="/Non Project/PSP Training/Program 6/Planning" start="@1554410242540" delta="12" flag="A" />
  <time id="57" path="/Non Project/PSP Training/Program 6/Design" start="@1554410939357" delta="14" flag="A" />
  <time id="58" path="/Non Project/PSP Training/Program 6/Design" start="@1554413537809" delta="11" flag="A" />
  <time id="59" path="/Non Project/PSP Training/Program 6/Design" start="@1554428858986" delta="53" interrupt="5" flag="A" />
  <time id="60" path="/Non Project/PSP Training/Program 6/Design" start="@1554435925541" delta="40" interrupt="7" flag="A" />
  <time id="61" path="/Non Project/PSP Training/Program 6/Design Review" start="@1554438745258" delta="1" flag="A" />
  <time id="62" path="/Non Project/PSP Training/Program 6/Design Review" start="@1554438860067" delta="12" flag="A" />
  <time id="63" path="/Non Project/PSP Training/Program 6/Code" start="@1554439574857" delta="19" flag="A" />
  <time id="64" path="/Non Project/PSP Training/Program 6/Code Review" start="@1554440697429" delta="7" flag="A" />
  <time id="65" path="/Non Project/PSP Training/Program 6/Compile" start="@1554441130660" delta="1" flag="A" />
  <time id="66" path="/Non Project/PSP Training/Program 6/Test" start="@1554441196498" delta="2" flag="A" />
  <time id="67" path="/Non Project/PSP Training/Program 6/Postmortem" start="@1554441466276" delta="19" flag="A" />
</timeLogEntries>
