<?xml version='1.0' encoding='UTF-8' ?>
<timeLogEntries>
  <time id="45" path="/Non Project/PSP Training/Program 5/Planning" start="@1553580324810" delta="9" interrupt="5" flag="A" />
  <time id="46" path="/Non Project/PSP Training/Program 5/Planning" start="@1553581447838" delta="5" flag="A" />
  <time id="47" path="/Non Project/PSP Training/Program 5/Planning" start="@1553582508200" delta="3" flag="A" />
  <time id="48" path="/Non Project/PSP Training/Program 5/Planning" start="@1553583391444" delta="3" flag="A" />
  <time id="49" path="/Non Project/PSP Training/Program 5/Design" start="@1553583596557" delta="25" flag="A" />
  <time id="50" path="/Non Project/PSP Training/Program 5/Design Review" start="@1553585093845" delta="12" flag="A" />
  <time id="51" path="/Non Project/PSP Training/Program 5/Code" start="@1553585837801" delta="9" flag="A" />
  <time id="52" path="/Non Project/PSP Training/Program 5/Code Review" start="@1553586387736" delta="4" flag="A" />
  <time id="53" path="/Non Project/PSP Training/Program 5/Compile" start="@1553586645601" delta="1" flag="A" />
  <time id="54" path="/Non Project/PSP Training/Program 5/Test" start="@1553587034578" delta="3" flag="A" />
  <time id="55" path="/Non Project/PSP Training/Program 5/Postmortem" start="@1553587204889" delta="13" interrupt="5" flag="A" />
</timeLogEntries>
