<?xml version='1.0' encoding='UTF-8' ?>
<timeLogEntries>
  <time id="1" path="/Non Project/PSP Training/Program 1/Planning" start="@1548723809000" delta="25" />
  <time id="2" path="/Non Project/PSP Training/Program 1/Design" start="@1548725317705" delta="9" />
  <time id="3" path="/Non Project/PSP Training/Program 1/Design" start="@1548729594000" delta="44" />
  <time id="4" path="/Non Project/PSP Training/Program 1/Code" start="@1548732346000" delta="137" interrupt="4" />
  <time id="5" path="/Non Project/PSP Training/Program 1/Compile" start="@1548741022000" delta="24" />
  <time id="6" path="/Non Project/PSP Training/Program 1/Test" start="@1548738967000" delta="56" interrupt="1" />
  <time id="7" path="/Non Project/PSP Training/Program 1/Postmortem" start="@1548825789000" delta="6" />
  <time id="8" path="/Non Project/PSP Training/Program 2/Planning" start="@1549490288192" delta="24" />
  <time id="9" path="/Non Project/PSP Training/Program 2/Design" start="@1549491723416" delta="41" />
  <time id="10" path="/Non Project/PSP Training/Program 2/Code" start="@1549590802993" delta="19" />
  <time id="11" path="/Non Project/PSP Training/Program 2/Code" start="@1549592993963" delta="6" />
  <time id="12" path="/Non Project/PSP Training/Program 2/Code" start="@1549765839250" delta="90" />
  <time id="13" path="/Non Project/PSP Training/Program 2/Code" start="@1549782080659" delta="14" />
  <time id="14" path="/Non Project/PSP Training/Program 2/Code" start="@1549795085702" delta="41" />
  <time id="15" path="/Non Project/PSP Training/Program 2/Code" start="@1549828479180" delta="95" />
  <time id="16" path="/Non Project/PSP Training/Program 2/Code" start="@1549848519031" delta="31" />
  <time id="17" path="/Non Project/PSP Training/Program 2/Code" start="@1549851706978" delta="30" />
  <time id="18" path="/Non Project/PSP Training/Program 2/Code" start="@1549859689138" delta="94" interrupt="3" />
  <time id="19" path="/Non Project/PSP Training/Program 2/Code" start="@1549950433080" delta="3" />
  <time id="20" path="/Non Project/PSP Training/Program 2/Compile" start="@1549950636521" delta="1" />
  <time id="21" path="/Non Project/PSP Training/Program 2/Test" start="@1549951340956" delta="4" />
  <time id="22" path="/Non Project/PSP Training/Program 2/Postmortem" start="@1549951584095" delta="26" interrupt="104" />
  <time id="23" path="/Non Project/PSP Training/Program 3/Planning" start="@1551160250845" delta="14" />
  <time id="24" path="/Non Project/PSP Training/Program 3/Design" start="@1551161090309" delta="36" interrupt="1" />
  <time id="25" path="/Non Project/PSP Training/Program 3/Design Review" start="@1551163289330" delta="6" />
  <time id="26" path="/Non Project/PSP Training/Program 3/Code" start="@1551163643072" delta="72" interrupt="9" />
  <time id="27" path="/Non Project/PSP Training/Program 3/Code" start="@1551169365524" delta="113" interrupt="7" />
  <time id="28" path="/Non Project/PSP Training/Program 3/Code Review" start="@1551176621023" delta="3" />
  <time id="29" path="/Non Project/PSP Training/Program 3/Test" start="@1551177675940" delta="5" />
  <time id="30" path="/Non Project/PSP Training/Program 3/Postmortem" start="@1551178139062" delta="17" />
</timeLogEntries>
